,link,text,timestamp,title
0,https://news.cnyes.com/news/id/4292326,"['台泥 (1101-TW) 公布去年財報，去年營收、毛利率、營益率等登上歷史新高，帶動稅後純益 211.81 億元，年增 179%，每股純益 4.37 元同步創高，公司通過，擬配發 3.3 元現金股利、0.7 元股票股利，共 4 元股利，同為歷史最佳，現金殖利率以昨收價 38.7 元計算，高達 8.5%。', '台泥去年第 4 季營收 349.37 億元，季增 8.6%、年增 19%；毛利率 25.55%，季減 1.21 個百分點、年增 3.79 個百分點；營益率 20.62%，季減 2.22 個百分點、年增 4.56 個百分點；稅後純益 52.37 億元，季減 11.7%、年增 98%；每股純益 1.02 元。', '台泥去年營收 1245.95 億元，年增 26.7%；毛利率 26.96%，年增 7.72 個百分點；營益率 22.62%，年增 8.42 個百分點；稅後純益 211.81 億元，年增 179%，每股純益 4.37 元。', '台泥去年受惠需求穩健，水泥量價齊揚，推升營收獲利同步登峰，董事會也決議擬發放 4 元的股利創下新高，包含 3.3 元現金股利、0.7 元股票股利，其中現金股利也同為歷史最佳，配發率逾 75%，若以昨收價 38.7 元計算，殖利率更是高達 8.5%。']",2019/03/23 10:28,台泥去年登峰EPS 4.37元擬配4元股利史上最佳
1,https://news.cnyes.com/news/id/4287451,"['台大就業博覽會今 (9) 日登場，台泥 (1101-TW) 集團旗下各企業全員出動，董事長張安平率隊親征，子公司台泥綠能、能元科技首度加入徵才行列，向 AI、綠能、環保、機械、化工、管理、外語等各式人才招手，對於人才特質，張安平特別點出，要具備「熱血、有思想、能創新」3 項特質。', '張安平表示，台泥事業體橫跨 12 項產業領域，未來核心價值鏈，包括 AI 智能管理與製造、碳循環綠經濟、水泥窯廢棄物處理，以及高能電池、儲能與綠電，皆為發展重心，與世界同步接軌。', '因此這次台泥集團徵才，鎖定 AI、綠能、環保、機械、化工、管理、外語等各式人才招手，張安平指出人才是企業的骨幹，對於未來需要的人才特質，他認為需要具備「熱血、有思想、能創新」3 項特質。', '今年台泥徵才計畫，針對商管、電資、理工及外語科系跨領域菁英，包括國貿、企管、財務等 MBA 科系，以及資訊、資工、電機、機械、材料與化工等電資、理工專業背景，並將投注大量資源培育國際化專才。', '其中 MA 儲備幹部計畫首創和國際專業技能及語文機構、學校合作，依各領域打造專屬課程，將安排 MA 至國內或海外特訓，同步強化專業及外語能力，提升競爭力。']",2019/03/09 16:12,〈台大校園徵才〉台泥董座張安平率隊親征要找具備這3項特質的人才
2,https://news.cnyes.com/news/id/4290572,"['近日傳出中國國家發改委，針對全國水泥市場價格展開調查，對此，國內大廠台泥 (1101-TW) 表示，目前看來中國水泥價格持平，並沒有看到大漲情形。', '中國在舉行兩會期間，傳出水泥價格高漲，根據中國水泥網報導，發改委也發布緊急通知，要求各省針對當前水泥產銷及價格形勢、後續價格走勢，提出有關政策建議，並於昨 (18) 日完成報告。', '國內水泥龍頭台泥 (1101-TW) 表示，目前中國南部因為年後剛復工，需求尚未回溫，水泥價格呈現回落，不過由於今年雨季提前，修正幅度較去年同期小。', '至於中國北部地區，因為 3 月 15 才剛結束冬季限產，剛開始復工，供給減少的情況下，導致價格呈現短期上漲，但也沒有到大漲的情形。', '台泥指出，首季為中國水泥產業傳統淡季，而目前來看整體水泥價格平穩，沒有看到大起大落的走勢。']",2019/03/19 12:54,〈陸調查水泥價格〉台泥：目前中國南部價格持穩僅北方小漲
3,https://news.cnyes.com/news/id/4292507,"['台股受美股上週五大跌拖累，今 (25) 日同步重挫，在蘋概三王、國泰金、富邦金領跌下，電金族群走弱，指數盤中一度大跌近 170 點，跌破 10500 點，並回測年線大關，不過量能仍收縮，預估成交量僅 1070 億元。', '今日蘋概三王台積電、鴻海與大立光盤中都有逾\xa02-3% 的跌幅，其中台積電領跌下，半導體相關個股如聯發科、日月光投控、南亞科、聯電、聯詠、瑞昱等同步走弱。', '而在大立光盤中跌幅擴大下，玉晶光、佳凌、聯一光、先進光、今國光等，股價也表現疲軟，半導體與光學族群成為今日盤面上最為弱勢的類股。', '其他大型電子股如台達電、研華、可成、華碩、國巨、和碩、華新科等，股價也是表現低迷，今日整體電子族群成盤面上重災區。', '此外，金融股今日也全面修正，國泰金、富邦金盤中跌逾 1.5%，中信金、合庫金、華南金、上海商銀、開發金等也全面跌逾 1%。', '個股方面，大同集團旗下的綠能、尚志今日再度被打至跌停，而誠美材經營權之爭導致銀行凍結額度，短期面臨財務困境，今日也是重挫逾 7%。', '不過水泥族群因去年獲利佳，今年也大方發放股利，高殖利率題材加持下，在今日大盤走弱下成為資金的避風港，台泥拉出半根漲停，亞泥也同步走揚，嘉泥、信大等也力守紅盤之上。', '法人指出，台股今日隨美股修正，但並未呈現爆量下跌的狀況，加上台股今年漲幅較多數國家少，預期短期拉回幅度不會太大，加上股東會前的融券將回補，接下來走勢應將處於高檔整理格局。']",2019/03/25 11:40,台股盤中—量縮跌破10500點回測年線電子族群成重災區
4,https://news.cnyes.com/news/id/4291605,"['◆盤勢分析', '1. 因美股高檔震盪，晨間亞股持續震盪。周四台股以早盤以小高盤開出，11 點過後，在 2330 台積電、2308 台達電等權值股走高，帶動加權緩步走升，終場指數收 10,609.55 點，上漲 57.99 點，漲幅 0.55%，創下波段反彈新高。', '2.OTC 指數開高震盪收高，終場收 139.04 點，上漲 0.46%，再創年內新高價位。目前上方壓力為 142 點，下方支撐為 137 點。', '3. 加權技術面與籌碼面：\n(1) 均線：周四台股連續第五天收紅 K 棒，維持沿五日線走高態勢。\n(2) 量能：成交量微縮至 1,111.24 億元，後續宜快速補量。\n(3) 技術指標：日 KD 指標轉向上、MACD 柱狀體走揚。\n(4) 法人籌碼：三大法人合計 + 99.27 億元；外資 + 99.4 億元、投信 - 3.92 億元、自營 + 3.79 億元。\n\xa0\n光學、散熱模組、PCB 亮眼', '1. 電子類股', '(1) 光學股：3019 亞光董事會宣布將配息 2.3 元，盤中港資分析師點名看好，股價強勢漲停，再創近期新高價；帶動二線的光學股 3504 揚明光、3059 華晶科、4976 佳凌盤中量出走強。', '(2) 散熱模組：族群持續輪動，3017 奇鋐打入華為供應鏈，周四尾盤強勢漲停，3338 泰碩、3324 雙鴻尾盤收高。', '(3)PCB：法人多日買超，3037 欣興股價延續近期強勢，股價再度上漲 2%；上游 6274 台燿、6213 聯茂、2383 台光電股價表現強勢。', '(4)5G、網通：營收與產業趨勢佳，3363 上詮股價早盤在攻高；網路通訊設備 2314 台揚、2332 友訊股價創波段新高。', '2. 非電子類股', '水泥：亞泥中國獲利大幅增長三倍，帶動母公司 1102 亞泥周四股價放量攻上近期新高；連動 1101 台泥股價上漲超過 1%。', '\xa0']",2019/03/21 16:03,【日盛投顧】續創波段新高
5,https://news.cnyes.com/news/id/4290317,"['外資連續 5 日賣超個股', '1. 外資連續賣超 5 日的股票\n(00677U) 富邦 VIX、 (2337) 旺宏 、 (2887) 台新金、 (1101) 台泥 、 (1605) 華新', '2. 外資連續賣超 4 日的股票\n(2337) 旺宏、 (00677U) 富邦 VIX、 (1101) 台泥、 (3481) 群創、 (2891) 中信金', '3. 外資連續賣超 3 日的股票\n(0050) 元大台灣 50 (1101) 台泥、 (2337) 旺宏、 (3481) 群創、 (00677U) 富邦 VIX、 (2448) 晶電', '4. 外資連續賣超 2 日的股票\n(1101) 台泥、 (2448) 晶電、 (1102) 亞泥、 (4938) 和碩、 (00677U) 富邦 VIX', '5. 外資當日 (18) 賣超的股票\n(1101) 台泥、 (1102) 亞泥、 (2340) 光磊、 (2448) 晶電、 (2885) 元大金\n\xa0']",2019/03/18 20:46,外資連續5日賣超個股
6,https://news.cnyes.com/news/id/4287935,"['水泥雙雄營收紛紛公佈，其中台泥 (1101-TW)2 月營收 50.85 億元，月減 45.9%、年增 5.7%，但亞泥 (1102-TW)2 月營收 31.66 億元，月減 40%、年減 7.1%，表現不同調。', '台泥 2 月雖然因為工作天數減少，導致營收呈現大幅月減，但受惠下游客戶年後開始陸續開工，營收也回穩，更較去年同期成長。', '且首季來看，雖然進入傳統淡季，但法人預估台泥首季營運表現仍可優於去年同期，累計台泥今年前 2 月營收 144.79 億元，年增 0.4%。', '而亞泥因為客戶上月積極拉貨，營收創下新高，但 2 月春節工作天數減少，拉貨動能也放緩，導致營收出現年、月均減的狀況，不過亞泥今年前 2 月營收 110.72 億元，仍年增 8.8%。']",2019/03/12 01:10,水泥雙雄2月營收不同調台泥年增5.7% 亞泥逆勢下滑7.1%
7,https://news.cnyes.com/news/id/4295842,"['本週大盤', '本周同時收週線: 以 2019/03/29 這週來看，開: 10535.12 高: 10641.04 低: 10458.79 收: 10641.04 量: 524.8K 漲跌: 1.97。 與月線 2019/03/29 這週來看 開: 10385.25 高: 10667.94 低: 10204.21 收: 10641.04 量: 2.2M 漲跌: 251.87', '從以上數據來看，三月台股如沐春風，權值股的表現平穩，電子金融輪漲，傳產也有突出表現，類股先不著墨，目前各大上市櫃公司發布 2018 年總損益時期，官股本周連續買超，主力護盤台泥 5.37 億元、台積電 5.28 億元，其次是國泰金 3.54 億元、南亞科 2.43 億元，而富邦金、上銀、國巨、中鋼、國際中橡、新光金等也都超過 1 億元水準。台股基本面目前平穩，美股與陸股的表現也仍然恢復上升趨勢中，有利台股四月表現，長假之前的最後幾個交易日，預期會有部位調整的換手現象。', '本週推薦名單', '群聯 (8299) 續推\n自從 3/15 推薦群聯後，已經發動，目前長期趨勢轉多，2018 財報淨利每股 21 元，目前股價 300 左右，有機會創高。端看配息的發布來看後續發展。', '大聯大 (3702) 續推\n2018 年淨利每股 4 元以上，股價本週維持在 40 左右，突破月線障礙，有機會上攻，股性較為平穩，為投組中的中長期核心標的。', '台化 (1326) 買入\n配息率平穩，高點回檔後開始反彈，今日突破週線趨勢關卡後，有機會參與一段上升。', '先進全球證. 投資顧問股份有限公司 (簡稱“本公司”) 已就可靠資料或來源提供正確的資訊，但不保證資料來源之正確性與完整性。報告中之數據或資訊等相關資料可能有疏漏或錯誤之處，或因市場環境變化已有變更，本公司將不做預告或更新。投資者如參考本報告進行相關投資交易，應自行承擔所有損益結果，本公司與其任何董事、監察人或受僱人，對此不負任何法律責任。本報告內容之所有權為本公司所有，任何人未經本公司同意，不得將本報告內容一部或全部加以複製、轉載或散佈。\n\xa0']",2019/03/29 19:56,【先進全球投顧】台股個股推薦
8,https://news.cnyes.com/news/id/4288519,"['亞股昨 (12) 日大漲後今 (13) 日再度陷入狹幅震盪，台股加權指數同樣見到多空膠著狀況，以下跌 12.06 點開出後，盤中在平盤上下波動，預估成交量不足 900 億元，法人指出，目前月線 10261 點有守，不過由於外資短線態度轉趨保守，投信季底作帳意願也不高，近 2 日還是以財報亮麗和高現金殖利率股的個股表現為主。', '從細族群來看，網龍漲半根停板，帶動遊戲相關業者明顯轉強，尚凡、鈊象漲逾 3%，大宇資、歐買尬漲 2% 上下，橘子、宇峻也有 1% 漲幅。', '另一方面，有部分個股反應高現金殖利率題材，中連貨早盤一度漲停，訊映漲近 4%，中菲、潤隆漲 2%。', '日前強勢的個股今日仍有續強者，包括有晶宏、拓凱漲逾 5%，亞信、致茂漲逾 4%，亞獅康 - KY、明基材、敦陽科、漢平和優群等均漲超過 2%。', '而華映史上大裁員 2500 人，股價繼續跌停鎖死，綠能跌逾 8%；同時，日前強勢股如祥碩、晟田、裕豐見獲利了結，跌逾 3%，和泰車、好德、廣明等跌近 2%。', '從 50 權值股來看，漲跌互見，台達電、研華漲逾 2%，大立光、元大金、可成和亞泥均漲逾 1%，華碩、國巨、光寶科、富邦金、台泥和鴻準等穩在盤上；反觀聯電、中鋼、鴻海、聯發科、台積電、群創、日月光投控、統一超、台灣高鐵、統一、寶成、中壽等遭壓在盤下。', '法人指出，考量上檔年線反壓重，且指數短期漲幅頗大，再加上短期均線 5 日和 10 日均線下彎，仍需橫盤整理讓籌碼沉澱，來減緩年線壓力。', '統一投顧進一步說明，華為提告美國政府，美中雙方關係時好時壞，市場不確定性未除，而台股昨日大漲，外資卻僅買超 30 億元顯示買盤力度縮手，後續值得留意，預期指數將於月線附近來回震盪，區間整理，目前選股重於選市，操作上建議以汽車零組件、紡織、5G 題材股，以及高殖利率概念股等。', '\xa0']",2019/03/13 10:40,台股盤中 激情過後買盤再度沉澱狹幅震盪看個股走勢
9,https://news.cnyes.com/news/id/4290753,"['台股今 (19) 日在金融股與中小型股接力點火下，終場小跌 0.38 點，收在 10512.32 點，三大法人同步站在買方，合計買超 20.39 億元，其中外資更大手筆敲進金融股，買超前十大個股中有六檔就由金融包辦。', '三大法人今天同步買超，外資與陸資買超金額 13.42 億元、自營商買超 6.45 億元、投信買超 0.52 億元。', '外資今天敲進的金融股前五名清一色皆為金融股，包括國泰金 (11,891 張)、新光金 (10,037 張)、玉山金 (9,481 張)、兆豐金 (8,636 張)、元大金 (7,704 張)；賣超前五名個股分別為：國票金 (145,745 張)、友達 (15,872 張)、元大滬深 300 正 2(9,385 張)、華航 (7,097 張)、欣興 (4,172 張)。', '自營商部分，前五大個股分別為：元大高股息 (10,730 張)、元大 S&P 原油正 2(5,034 張)、華邦電 (1,708 張)、開發金 (1,593 張)、富邦上証 50(1,448 張)；賣超前五大為：富邦 VIX(5,914 張)、元大滬深 300 正 2(4,722 張)、國泰中國 A50 正 2(3,415 張)、元大台灣 50(2,052 張)、欣興 (1,665 張)。', '投信部分，前五大個股分別為：敦泰 (1,991 張)、欣興 (1,565 張)、遠東新 (1,509 張)、中信金 (960 張)、友達 (944 張)；賣超前五大分別為：國際中橡 (2,284 張)、台泥 (2,069 張)、京元電 (2,000 張)、漢翔 (1,538 張)、亞泥 (1,492 張)。', '保德信金滿意基金經理人朱冠華表示，外資今年前 2 月淨匯入 1,963 億，但目前外資買超金額僅 913 億，也就是外資還有 1,059 億資金還沒投入股市，加上第四季財報陸續公布，市場氛圍將改由業績題材主導，中小型股表現恐將趨近震盪整理，但對台股未必是壞事，投資人無須太過擔心。']",2019/03/19 19:29,三大法人同步買超台股外資狂敲這五檔金融股
10,https://news.cnyes.com/news/id/4292979,"['博鰲亞洲論壇 2019 年年會於 3 月 26 日至 29 日在海南博鰲舉行。這次博鰲論壇年會以「共同命運、共同行動、共同發展」為主題。台灣方面由兩岸共同市場基金會榮譽董事長蕭萬長率約 30 位台灣工商界代表出席參加。', '現今經濟在全球化的過程遭受波折，貿易保護主義思維深化，使得亞洲和全球經濟面臨的重大風險及挑戰。', '不過，即使亞洲受到全球複雜經濟環境影響，但隨著區域內經濟一體化進程的持續推動，亞洲區域內的經濟體已開始享受到巨大一體化紅利，整體經濟朝著穩定向前發展。', '而台灣去年在亞洲地區競爭力的表現有所成長。根據博鰲亞洲論壇年會秘書長李保東指出，去年的亞洲競爭力年度排名中，前五名依序為南韓、台灣、新加坡、香港和日本，其中，南韓、台灣排名均較前一年上升兩名，新加坡則從第一掉到第三。', '此外，這次博鰲亞洲論壇台灣人關注的重頭戲就是 27 日下午舉行的「蕭李會」，將由蕭萬長與中國國務院總理李克強進行 30 分鐘的會談。', '這次會談將以轉達台商訴求為主軸，包含如何實現台胞、台企同等待遇，及推動兩岸經濟合作制度化等，同時也會討論如何因應中美貿易爭端。', '而隨行的台灣工商界代表，則有台積電財務長何麗梅、台泥副董事長辜公怡、永豐銀董事長陳嘉賢、宏達電董事長王雪紅、商業總會理事長、鄉林建設董事長賴正鎰、冠捷科技總裁宣建生等等。', '值得注意的是，今 (26) 傍晚蕭萬長將抵達海南海口美蘭機場，將由中國國台辦副主任裴金佳接機，在抵達博鰲後，有可能先會見剛從深圳趕來的中國國台辦主任劉結一，為「蕭李會」先行暖場。']",2019/03/26 12:50,〈博鰲亞洲論壇〉博鰲：「蕭李會」明登場為台商謀福利
11,https://news.cnyes.com/news/id/4285305,"['上海商銀從上 (2) 月納入 MSCI 成分股後，吸引外資買盤積極搶進，進而推升股價水漲船高，根據台灣證交所統計，上週外資買超前五檔個股中，其中三檔由金融股包辦，上海商銀獲外資買超 5 萬張，外資持股比重更高達 54%。', '根據證交所公布數據，上週外資買超台股 217.47 億元，累計今年以來外資買超台股金額已達 1016.86 億元，持有台股市值高達 12.61 兆元，占全體上市股票值約 4 成。', '以個股來看，外資買超前五大個股分別為上海商銀、群創、元大金、台灣高鐵與兆豐金，其中又以上海商銀獲外資買超 5 多萬張居冠，群創與元大金也分別獲外資買超 3.4 萬張、2.8 萬張。', '觀察外資上週進出動態，前五大買超標的主要鎖定金融股，且多以現金股息為主的個股居多，上海商銀近年獲利表現穩定，近兩年主要以現金股息為主，2017 年、2018 年分別配發 1.5 元、1.8 元股息；兆豐金去年也配發 1.5 元現金股息。', '另外，華新、旺宏與台泥則是上週遭外資賣超前三名個股，華新上週賣超 2.8 萬張、旺宏 2.5 萬張，台泥則遭外資調節 1 萬張。']",2019/03/04 18:18,外資今年買超台股逾千億上週鎖碼金融股大買這三檔個股
12,https://news.cnyes.com/news/id/4291788,"['投信連續 3 日賣超個股', '1. 投信連續賣超 3 日的股票\n(1101) 台泥、 (1605) 華新、 (2610) 華航、 (006205) 富邦上証、 (2104) 國際中橡', '2. 投信連續賣超 2 日的股票\n(2610) 華航、 (006205) 富邦上証、 (1101) 台泥、 (1605) 華新、 (2340) 光磊', '3. 投信當日 (21) 賣超的股票\n(1101) 台泥、 (2340) 光磊、 (3037) 欣興、 (3035) 智原、 (5876) 上海商銀\n\xa0']",2019/03/21 20:58,投信連續3日賣超個股
13,https://news.cnyes.com/news/id/4292649,"['2019.03.25 盤後分析', '#大盤短評：進入週線 B 波，多方結構看 10370，不破都先看多。', '#盤勢分析', '大盤受美國大跌影響開低走低，最主要來自殖利率倒掛及經濟數據不佳影響，但今天開低後量能並未放大，賣壓並不如想像中的沉重，海豚必須要說，殖利率倒掛影響的長期總經面的利空，除非有出現骨牌效應的利空新聞，否則這個盤 V 轉的機率應該不大，因此從整個盤面結構，還是看好 02/26 高點 10416 支撐，並且一樣 10370 不能收破為觀察重點。', '#類股方面，大盤大跌，電子類權值股幾乎全倒，反倒是非金電水泥股成為撐盤指標，1101 台泥跳空大漲 4% 站上年線最為凌厲，而 PCB 相關部份，銅箔基板的 6213 聯茂、軟板的 4958 臻鼎 - KY、3037 欣興、8046 南電、3044 建鼎、5439 高技明顯抗跌且強於大盤，是接下來仍然可以持續追蹤的標的。', '作者: 華冠投顧 海豚交易室 范振鴻分析師\n華冠證券投資顧問股份有限公司 (104) 證管投顧新字第 009 號本資料僅供參考投資時應審慎評估']",2019/03/25 17:17,【華冠投顧】美股拉警報台股大跌哪些股票相對抗跌可注意?
14,https://news.cnyes.com/news/id/4291728,"['台股今 (21) 日上漲 57.99 點，收在 10609.55 點，一舉站上 10600 點，再度改寫 5 個月以來新高。而推升台股創高的大功臣來自於外資，且主要著墨在權值股，顯示外資仍看好台股後市，外資今天大買近百億元後，已連續 2 天重回買超，更讓今年以來累計買超金額重新回到千億元之上、達 1013 億元。', '自營商買超 3.79 億元，投信賣超 3.92 億元，外資及陸資買超 99.39 億元。三大法人合計買超 99.26 億元。而在台指期淨部位方面，三大法人淨多單增加 5274 口至 31939 口，其中外資多單加碼且空單減碼，淨多單增加 6800 口至 63502 口。', '外資買超前 10 名個股：南亞科 15384 張、聯電 14520 張、永豐金 12169 張、台積電 10671 張、元大台灣 50 獲買超 9394 張、奇鋐 7769 張、台達電 7580 張、兆豐金 6877 張、鴻海 6417 張、台泥 6393 張。', '外資賣超前 10 名個股：元大台灣 50 反 1 遭賣 17373 張、新光金 8118 張、友達 6146 張、旺宏 5641 張、燿華 4904 張、宏達電 4272 張、國泰金 3821 張、富邦金 3429 張、和鑫 2285 張、晶電 1987 張。', '投信買超前 10 名個股：燿華 2890 張、南茂 2323 張、全新 813 張、敦泰 790 張、台達電 762 張、上緯投控 715 張、新唐 558 張、奇鋐 485 張、元翎 479 張、寶齡富錦 321 張。', '投信賣超前 10 名個股：台泥 2858 張、光磊 2203 張、欣興 1566 張、智原 1500 張、上海商銀 1497 張、華新 1333 張、台灣高鐵 1198 張、嘉晶 1040 張、致伸 866 張、信邦 377 張。', '自營商買超前 10 名個股：元大滬深 300 正 2 獲買超 14333 張、元大 S＆P 原油正 2 獲買超 10798 張、元大高股息 8842 張、永豐金 4500 張、富邦上証 2826 張、元大 MSCI A 股 2613 張、元大 S＆P 黃金正 2 獲買超 2317 張、國泰中國 A50 獲買超 1917 張、國泰中國 A50 正 2 獲買超 1677 張、奇鋐 1553 張。', '自營商賣超前 10 名個股：富邦 VIX 遭賣 47061 張、元大台灣 50 反 1 遭賣 13069 張、元大 S＆P 原油反 1 遭賣 2435 張、國泰臺灣加權反 1 遭賣 2111 張、光磊 1549 張、欣興 1521 張、台灣高鐵 1465 張、富邦上証正 2 遭賣 1422 張、合庫金 1400 張、兆豐金 1361 張。', '整體來說，外資在歷經 1 月、2 月分別買超 369 億元、647 億元之後，3 月轉為賣超，但在今天外資大買近百億元之後，讓 3 月累計賣超縮小到「個位數」只有 3.55 億元，更讓今年以來累計買超重新回到千億元之上，倘若明天外資續買，有機會讓 3 月單月的外資操作扭轉重返買超之列，台股資金行情猶可期。']",2019/03/21 18:40,外資重啟資金派對狂買近百億今年累計買超重回千億元
15,https://news.cnyes.com/news/id/4292502,"['展旺 (4167)：其厄它培南針劑產品取得美國 FDA 銷售許可，可望帶動營運虧轉盈，盤中量增攻漲停。', '晶彩科 (3535)：去年 EPS 達 1.07 元，擬不分派股利，今年 2 月 EPS 暴衝至 0.92 元，單月快賺贏去年全年，近期股價走勢凌厲。\n\n力旺 (3529)：去年 EPS 達 8.13 元 ，每股擬配 8 元現金股利，今年在電源管理 IC 及網通 IC 帶動 8、12 吋晶圓相關授權約增加之下，營運樂觀看待。\n\n明基材 (8215)：偏光板供不應求成為近期盤面焦點，加上競爭對手發生周轉困難，導致生產受阻，供需可望變得更吃緊，今日量增突破，盤中見 30 元整數關卡。\n\n台泥 (1101)：去年 EPS 達 4.37 元，創下新高。近期受惠原料砂石漲價帶動預拌混凝土價格跟漲，預期首季出貨量可望成長 5-10%，今日量增跳空重返年線。']",2019/03/25 15:39,展旺、晶彩科、力旺、明基材、台泥
16,https://news.cnyes.com/news/id/4290238,"['台股指數今 (18) 日續漲 73.46 點，收在最高 10512.7 點，成功衝破年線反壓並站上 10500 點關卡，三大法人買盤延續上周五的水準，合計買超達 72.39 億元，其中，外資近 2 日來共買超 108.3 億元，有助季底前資金行情續航。', '在集中市場中，三大法人今同步買超，合計達 72.39 億元，其中，外資買超 52.67 億元、投信買超 1.2 億元，自營商買超 18.51 億元，投信和自營商均為連 6 買。', '從今日部分中小型股轉弱來看，法人提醒，自營商自 2 月 11 日開紅盤日以來早已積極布局，時逢季底，或有對中小型股的季底結帳需求，須小心其湧現一波獲利了結賣壓；而投信買盤部分是反映日前八大行庫進場，能否在季底前維持熱度，有待觀察。', '所幸，外資籌碼期現貨同步作多，法人認為，周三台指結算前行情持續偏多可期。', '觀察今日外資買超前 10 大標的，以元大滬深 300 正 2 最多，達 2.3 萬張，欣興 2.2 萬張居次，其次分別為京元電子 1.9 萬張，台積電 1.4 萬張，玉山金、元大台灣 50 均逾 8500 張，兆豐金、永豐金、群創均超過 7000 張，而全新超過 5000 張。', '外資賣超前 10 大標的分別為群益 25 年美債 2.5 萬張，台泥 2.2 萬張，亞泥、光磊和晶電均超過 8000 張，元大金、中壽逾 5000 張，南亞科、日月光投控和富邦 VIX 均逾 3000 張。', '投信方面，買超欣興最多達 2000 餘張，光磊、穩懋和榮成均超過 1300 張，敦泰、優群、台塑、仁寶、嘉聯益和元太均逾 600 張。', '而投信賣出前 10 大標的以台泥近 4000 張最多，強茂近 2500 張，京元電子、元大高股息、宣德、台半均超過 1300 張，世界、合晶、亞泥和金像電也遭賣超逾 500 張。', '整體來看，在年線附近多頭集中火力，推升指數驚驚漲，有軋空手意味，而後續還有 63 萬張融券待回補，也可望再見到軋空單行情，惟須留意，今日加權指數是價漲量縮，且櫃買指數僅漲 0.15%，法人提醒，還是需留意短線指標來到高檔有過熱情況。']",2019/03/18 18:13,外資連2買合計突破百億元拱季底前資金行情
17,https://news.cnyes.com/news/id/4292535,"['台股今 (25) 日在蘋概三王領跌下，電子族群全面走弱，也拖累指數跌 159.59 點或 1.5%，以 10479.48 點做收，跌破 10500 點並回測年線大關，不過水泥族群因為去年獲利佳、並坐擁高殖利率，成為今日資金避風港，大盤成交金額則量縮至 1077 億元，為近 8 個交易日的新低。', '今日蘋概三王台積電、鴻海、大立光連袂走弱，台積電終場下跌 2.8%、鴻海也跌 2.5%，大立光更是跌逾 3.6%，在台積電領跌下，半導體相關個股如聯發科、日月光投控、南亞科、聯電、聯詠、瑞昱、矽力 - KY 等也走弱。', '光學鏡頭族群在大立光終場跌幅擴大下，也紛紛走跌，佳凌收跌 4.5%，玉晶光也跌 3.9%，聯一光、先進光、今國光等也下挫逾 2%，半導體與光學族群成為今日最弱勢的類股。', '另外像是其他大型電子股如台達電、國巨、華新科、華碩也均有 3% 的跌幅，另外 GIS-KY、微星、旭隼、可成也跌逾 2%，整體電子族群成為盤面上最為弱勢的族群。', '個股方面，大同集團旗下的綠能、尚志今日再度被打至跌停，不過華映則是衝上亮燈漲停，另外誠美材因為經營權之爭導致銀行凍結額度，短期面臨財務困境，今日也是收盤再度被打到跌停。', '晶圓載具廠家登遭美商英特格 (Entegris. Inc) 提起侵害專利訴訟，經台灣智財法院一審判決，須賠償英特格約新台幣 9.7887 億元，今日也是被打至亮燈跌停。', '不過水泥族群因去年獲利佳，今年也大方發放股利，高殖利率題材加持下，在今日大盤走弱下成為資金的避風港，台泥逆勢上漲 4.7%，亞泥也同步走揚，雙雙重返 40 元之上，嘉泥、信大等也力守紅盤之上。', '法人指出，台股今日雖然陷入修正，但並未出現爆量下跌，加上台股今年以來漲幅較多數國家少，短線拉回幅度不會太大，且股東會前融券將回補，也可望支撐台股表現，預估短期將在年線上方進行高檔整理。']",2019/03/25 14:34,台股盤後—三王領跌半導體、光電表現弱跌近160點失守10500點關卡
18,https://news.cnyes.com/news/id/4286256,"['台股今 (6) 日電金權值股同步走強，台塑四寶也站穩紅盤，指數開高走高，終場上漲 51.89 點，收 10357.15 點，惟成交量僅 996.9 億元，跌破千億元大關。三大法人方面，自營商賣超 6.84 億元，投信賣超 4.83 億元，外資及陸資轉買超 25.14 億元，共買超 13.47 億元。其中，元大台灣 50 已獲外資連 9 買，共買超逾 10 萬張。', '台指期部分，外資增持多單 5005 口，多單未平倉口數增至 58217 口；投信回補空單 36 口，空單未平倉口數降至 26281 口；自營商增持空單 1840 口，空單未平倉口數增至 3584 口。', '外資今日買超集中電子股，獲外資買超上萬張的包括友達、群創、元大台灣 50 與元大金，獲外資買超上千張的電子股包括耀華、聯電、彩晶、奇鋐、仁寶、台達電、聯發科、宏碁、日月光投控、群電、台積電、TPK-KY、聯詠與臻鼎 - KY。其中，元大台灣 50 已獲外資連 9 買，共買超逾 10 萬張。', '外資買超第 1 名為友達、買超 28456 張，第 2 名群創、買超 22101 張，第 3 名元大台灣 50、買超 16403 張，第 4 名元大金、買超 15898 張，第 5 名燿華、買超 6031 張，第 6 名台灣高鐵、買超 5937 張，第 7 名臺企銀、買超 5925 張，第 8 名中鋼、買超 5008 張，第 9 名聯電、買超 3212 張，第 10 名彩晶、買超 3173 張。', '外資賣超第 1 名富邦上証正 2、賣超 14074 張，第 2 名元大滬深 300 正 2、賣超 13427 張，第 3 名華新、賣超 13346 張，第 4 名中信金、賣超 9934 張，第 5 名嘉聯益、賣超 7821 張，第 6 名南亞科、賣超 6892 張，第 7 名旺宏、賣超 6691 張，第 8 名開發金、賣超 6081 張，第 9 名國泰中國 A50 正 2、賣超 4669 張，第 10 名中鴻、賣超 4431 張。', '投信買超第 1 名榮剛、買超 2294 張，第 2 名光磊、買超 2113 張，第 3 名元大台灣 50 反 1、買超 1089 張，第 4 名欣興、買超 1056 張，第 5 名燿華、買超 701 張；投信賣超第 1 名泰碩、賣超 2439 張，第 2 名台泥、賣超 1860 張，第 3 名台光電、賣超 1405 張，第 4 名台灣高鐵、賣超 1077 張，第 5 名上海商銀、賣超 1067 張。', '自營商買超第 1 名為元大滬深 300 正 2、買超 10124 張，第 2 名富邦上証正 2、買超 6436 張，第 3 名元大 MSCI A 股、買超 3676 張，第 4 名富邦上証、買超 3315 張，第 5 名旺宏、買超 2104 張；自營商賣超第 1 名元大台灣 50 反 1、賣超 12521 張，第 2 名富邦 VIX、賣超 6347 張，第 3 名群益深証中小、賣超 5523 張，第 4 名元大台灣 50、賣超 3041 張，第 5 名國泰中國 A50 反 1、賣超 2338 張。', '法人指出，台股今日量縮反彈，量能不到千億元，整理態勢明顯，主要受到外資買盤並未積極回補影響，使指數空間相對受限，若要重新發動多頭攻勢，量能須站回 1300 億元以上，若未能站回此量能水準，盤面將先以中小型個股表現為主。']",2019/03/06 18:50,三大法人共買超13.47億元元大台灣50獲外資連9買買超逾10萬張
19,https://news.cnyes.com/news/id/4289844,"['台股今 (15) 日由台積電與台塑四寶等權值股領軍，指數開高走高，終場大漲 90.59 點，以 10439.24 點作收，創今年高點，成交量擴增至 1529.97 億元，除突破月均量外，也創逾 3 個月以來最大量。三大法人方面，自營商買超 14.19 億元，投信買超 4.33 億元，外資及陸資買超 55.81 億元，共買超 74.33 億元。其中，光磊與穩懋均獲三大法人同站買方。', '台指期部分，外資增持多單 4478 口，多單未平倉口數增至 55853 口；投信回補空單 330 口，空單未平倉口數降至 26442 口；自營商增持空單 1995 口，空單未平倉口數增至 2132 口。', '今日獲外資買超上萬張的個股僅開發金與台積電，獲外資買超上千張的電子股包括光磊、鴻準、聯電、錸德、聯合再生、友達、健鼎、華新科，金融股包括元大金、玉山金、永豐金、上海商銀、兆豐金、台中銀、華南金、中壽，傳產股包括中華電、中鋼、榮成、台灣高鐵、長榮、大同、台泥。', '外資買超第 1 名為開發金、買超 14608 張，第 2 名台積電、買超 10725 張，第 3 名光磊、買超 8199 張，第 4 名穩懋、買超 7317 張，第 5 名元大台灣 50、買超 7058 張，第 6 名鴻準、買超 6371 張，第 7 名元大滬深 300 正 2、買超 6172 張，第 8 名中華電、買超 5867 張，第 9 名富邦上証正 2、買超 5340 張，第 10 名元大金、買超 4685 張。', '外資賣超第 1 名群創、賣超 8805 張，第 2 名中信金、賣超 7165 張，第 3 名和碩、賣超 6736 張，第 4 名富邦 VIX、賣超 5773 張，第 5 名緯創、賣超 5684 張，第 6 名新光金、賣超 4843 張，第 7 名富邦金、賣超 4028 張，第 8 名誠美材、賣超 3551 張，第 9 名智易、賣超 3544 張，第 10 名燿華、賣超 3434 張。', '投信買超第 1 名群創、買超 14589 張，第 2 名友達、買超 14446 張，第 3 名中信金、買超 12748 張，第 4 名統一、買超 5956 張，第 5 名國泰金、買超 4441 張；投信賣超第 1 名華夏、賣超 7221\xa0張，第 2 名第一金、賣超 5935 張，第 3 名中華電、賣超 4883 張，第 4 名鴻準、賣超 4660 張，第 5 名鴻海、賣超 3858 張。', '自營商買超第 1 名元大滬深 300 正 2、買超 31612 張，第 2 名元大 S&P 原油正 2、買超 6426 張，第 3 名元大台灣 50、買超 3318 張，第 4 名國泰中國 A50、買超 3030 張，第 5 名欣興、買超 2369 張；自營商賣超第 1 名富邦 VIX、賣超 18477 張，第 2 名元大台灣 50 反 1、賣超 8311 張，第 3 名元大 S&P 原油反 1、賣超 1292 張，第 4 名台光電 、賣超 995 張，第 5 名嘉聯益、賣超 936 張。', '國泰證期分析師蔡明翰指出，指數會持續沿著月線震盪墊高，但短線乖離過大不宜追高，可留意後續震盪壓回再做佈局，雖在美中貿易戰利多還未出爐前，台股漲多會出現震盪整理，但短線仍有續上攻的機會。\n\xa0']",2019/03/15 18:59,三大法人共買超74.33億元光磊與穩懋獲三大法人同站買方
20,https://news.cnyes.com/news/id/4291195,"['台股今 (20) 日集中市場收盤上漲 39.24 點，收在 10551.56 點，成交值 1186.67 億元。三大法人外資及陸資買超、投信買超、自營商賣超，合計買超 52.84 億元，其中，自營商今日站在賣方，共賣超 4.55 億元，投信買超 1.44 億元，外資及陸資買超 55.95 億元。三大法人共加碼欣興電子 (3037-TW) 1.69 萬張。', '在期貨市場部分，外資在期貨市場多單口數增加 2707 口，未平倉合約口數為 56702 口。', '證券分析師張陳浩指出，目前大盤短線雖然呈現乖離過大的走勢，但顯示中線偏多，且在市場資金充沛的情況下，只要有題材，個股就能得到資金加持，如今天盤中的蘋果概念股即為一例。', '外資今天在集中市場買超較多的個股為欣興、大成鋼、國泰金、永豐金、台積電、元大金、合庫金、嘉聯益、開發金、台新金；外資在集中市場賣超較多的個股為友達、新光金、群創、聯電、光磊、日月光、晶電、揚明光、榮成、廣達、華新。', '投信今天在集中市場買超較多的個股為，南茂、大成鋼、敦泰、永冠 - KY、全新、南電、遠東市、台達電、天鈺、健策、欣興；投信在集中市場賣超較多的個股為，華航、華新、亞泥、國際中橡、嘉晶、旭富、漢翔、榮成、光磊、國喬。', '自營商今天在集中市場買超較多的個股為，大同、友達、南茂、欣興、亞光、南亞科、嘉聯益、南電、聯詠、元大金；自營商今天在集中市場賣超較多的個股為，華新、新光金、長榮、華邦電、誠美材、TPK-KY、智邦、臺企銀、京元、台郡。']",2019/03/20 18:23,三大法人集中市場共買超52.84億元加碼欣興1.69萬張
21,https://news.cnyes.com/news/id/4295910,"['投信連續 3 日買超個股', '1. 投信連續買超 3 日的股票\n(3037) 欣興、 (3711) 日月光投控、 (2329) 華泰、 (2409) 友達、 (4958) 臻鼎 - KY', '2. 投信連續買超 2 日的股票\n(3037) 欣興、 (2329) 華泰、 (1101) 台泥、 (3711) 日月光投控、 (2409) 友達', '3. 投信當日 (29) 買超的股票\n(3037) 欣興 (2329) 華泰 (3711) 日月光投控、 (2634) 漢翔、 (4958) 臻鼎 - KY\n\xa0']",2019/04/01 07:35,投信連續3日買超個股
22,https://news.cnyes.com/news/id/4292882,[],2019/03/26 08:39,[表三2]台灣集中市場股價創新高
23,https://news.cnyes.com/news/id/4290006,[],2019/03/18 08:31,[表七1]台灣集中市場外資買賣超前30名
24,https://news.cnyes.com/news/id/4292879,[],2019/03/26 08:38,[表二1]台灣集中市場漲跌幅前30名
25,https://news.cnyes.com/news/id/4295522,[],2019/03/29 16:21,台灣集中市場投信買賣超前30名
26,https://news.cnyes.com/news/id/4292883,[],2019/03/26 08:39,[表三5]台灣集中市場均線黃金交叉
27,https://news.cnyes.com/news/id/4291138,[],2019/03/20 16:19,台灣集中市場前10大進出券商當日買賣超比前30名個股
28,https://news.cnyes.com/news/id/4287488,[],2019/03/11 07:39,[表三3]台灣集中市場股價創新低
29,https://news.cnyes.com/news/id/4290429,[],2019/03/19 08:31,[表三4]台灣集中市場均線方向改變
30,https://news.cnyes.com/news/id/4295258,[],2019/03/29 08:32,[表八4]台灣集中市場融資融券餘額增減前30名
31,https://news.cnyes.com/news/id/4293050,[],2019/03/26 16:10,台灣集中市場投信近3日買賣超前30名
32,https://news.cnyes.com/news/id/4285375,[],2019/03/04 19:32,台灣發行公司持股轉讓日報表
33,https://news.cnyes.com/news/id/4295938,[],2019/03/29 21:03,台灣集中市場外資近3日持股增減前30名
34,https://news.cnyes.com/news/id/4293981,"['台股今日下跌 16.5 點，終場收在 10542.7 點，三大法人中雖有投信與自營商同步買超，但仍不敵外資賣壓，合計賣超金額共 11.79 億元，單日成交值共 1031.1 億元。', '外資今天賣超台股共 20.49 億元，調節標的主要鎖定以壽險為主的金控，包括新光金、國泰金與中信金；緯創集團則受惠於緯穎掛牌上市，獲外資青睞買超 2.6 萬張。', '外資買超前五大個股為：緯創 (26,470 張)、元大滬深 300 正 2(22,491 張)、欣興 (13,107 張)、富邦上証正 2(6,571 張)、開發金 (5,428 張)；賣超前五大個股為：富邦 VIX(66,081 張)、新光金 (25,153 張)、國泰金 (17,873 張)、友達 (15,390 張)、中信金 (14,727 張)。', '自營商買超前五大個股分別為：元大滬深 300 正 2(25,471 張)、元大 S&P 原油正 2(5,916 張)、晶電 (4,253 張)、富邦上証正 2(4,053 張)、華通 (3,679 張)；賣超前五大個股為：富邦 VIX(152,080 張)、友達 (4,192 張)、群益深証中小 (1,253 張)、中環 (1,004 張)、欣興 (913 張)。', '投信買超前五大分別為：日月光投控 (3,587 張)、友達 (1,332 張)、臻鼎 - KY(1,264 張)、華泰 (997 張)、正崴 (740 張)；中橡 (2,273 張)、欣興 (1,308 張)、台泥 (1,276 張)、寶成 (1,019 張)、華航 (1,000 張)。']",2019/03/27 19:27,壽險未實現虧損拖累金融股外資賣超20億元大砍三檔金控股
35,https://news.cnyes.com/news/id/4295273,[],2019/03/29 08:46,[表五1]台灣集中市場自營商買賣超前30名
36,https://news.cnyes.com/news/id/4295582,[],2019/03/29 17:21,台灣集中市場三大法人買賣超前30名
37,https://news.cnyes.com/news/id/4295590,[],2019/03/29 17:21,台灣集中市場三大法人近3日買賣超張數前30名
38,https://news.cnyes.com/news/id/4290415,[],2019/03/19 08:31,[表二2]台灣集中市場成交金額前30名
39,https://news.cnyes.com/news/id/4290713,[],2019/03/19 17:26,台灣集中市場外資買賣超前30名初步統計
40,https://news.cnyes.com/news/id/4290495,[],2019/03/19 10:29,[表八6]台灣集中市場近3日融資融券餘額增減前30名
41,https://news.cnyes.com/news/id/4289155,[],2019/03/14 16:18,台灣集中市場前10大進出券商當日淨買賣超前30名個股
42,https://news.cnyes.com/news/id/4291185,[],2019/03/20 17:23,台灣集中市場自營商近3日買賣超前30名
43,https://news.cnyes.com/news/id/4290226,[],2019/03/18 17:21,台灣集中市場自營商買賣超前30名
44,https://news.cnyes.com/news/id/4290855,[],2019/03/19 21:42,台灣集中市場近3日融資融券餘額增減前30名個股
